species_code,R0,h_steepness,virgin_ssb
BET,7472015.0941376016,1,2155584.5496362471
SKJ,6642744533.6863689,0.8,7472220.0864722431
YFT,198491190.94225806,1,11847278.406210812
