class,speed
3,7.642418569984196
4,8.113491660303474
5,8.704951816782684
6,10.620265308171431
