lower_capacity,upper_capacity,daily_cost
180,300,4689.038212646362
300,600,4895.484428642327
600,700,6309.494268202051
700,1100,7756.900111385995
1100,9999,19848.779166666667
