species_code,shape,rate
YFT,1.0662301294464354,0.14854262225030831
SKJ,0.8321403529784506,0.039047226252493183
BET,0.7845868594232588,0.06320365489728587
