species_code,logistic_growth_rate,carrying_capacity_in_tonnes,total_biomass_in_tonnes
BET,0.265079184,1440940,337224
SKJ,1.1520938023450586,4776000,3567169
YFT,0.878915170814038,1202770,507295
