set_type,species_code,weight
DEL,BET,0
DEL,SKJ,0.015014279116674049
DEL,YFT,0.9849857208833259
NOA,BET,0.011310506416742106
NOA,SKJ,0.7476968954683423
NOA,YFT,0.2409925981149156
