Port,Fishers,x,y
Kupang,100,123.595320,-10.143352
